{
  "posts": [
    { "id": "react-hooks", "title": "React Hooks", "content": "The greatest thing since sliced bread!", "author": "Daniel Bugl" },
    { "id": "react-fragments", "title": "Using React Fragments", "content": "Keeping the DOM tree clean!", "author": "Daniel Bugl" }
  ],
  "users": [
    { "id": 1, "username": "Daniel Bugl", "password": "supersecure42" }
  ],
  "themes": [
      { "id": 1, "primaryColor": "deepskyblue", "secondaryColor": "coral" },
      { "id": 2, "primaryColor": "orchid", "secondaryColor": "mediumseagreen" },
      { "id": 3, "primaryColor": "darkslategray", "secondaryColor": "slategray" }
  ]
}
